basis size,Energy,drach_MV,OO,drach_SSF,drach_delta(r_1),drach_delta(r_12),prval(r_1),prval(r_12),drach_Darwin
10000,-1.442916099086E+01,-2.6868392921E+02,-9.345966398E-01,9.952429595E+00,8.785714621E+00,2.639963935E-01,-2.279439583E+02,-1.248338970E+00,2.15832877289E+02
12000,-1.442916099161E+01,-2.6868392952E+02,-9.345966400E-01,9.952429605E+00,8.785714627E+00,2.639963941E-01,-2.279500962E+02,-1.248301251E+00,2.15832877431E+02
14000,-1.442916099221E+01,-2.6868392951E+02,-9.345966403E-01,9.952429608E+00,8.785714630E+00,2.639963943E-01,-2.279505308E+02,-1.248289327E+00,2.15832877496E+02
15000,-1.442916099224E+01,-2.6868392961E+02,-9.345966408E-01,9.952429611E+00,8.785714630E+00,2.639963944E-01,-2.279508688E+02,-1.248288958E+00,2.15832877513E+02
20000,-1.442916099284E+01,-2.6868392972E+02,-9.345966413E-01,9.952429613E+00,8.785714631E+00,2.639963945E-01,-2.279512067E+02,-1.248277033E+00,2.15832877530E+02
30000,6.010996145278E-10,1.06167E-07,5.194910058E-10,2.442609670E-09,7.538805136E-10,8.652500938E-11,3.379424730E-04,1.192444286E-05,1.731610E-08