basis size,Energy,MV,drach_MV,OO,SO1,SO2,delta(r_1),delta(r_12),drach_delta(r_1),drach_delta(r_12),prval(r_1),prval(r_12),drach_Darwin
10000,-1.456634147049E+01,-2.66384375E+02,-2.66424551E+02,-7.55524179E-01,3.02760708E-01,-2.08909598E-01,8.71466792E+00,2.61089854E-01,8.716281053E+00,2.610764001E-01,-2.25861432E+02,-1.16232209E+00,2.14102066E+02
12000,-1.456634147325E+01,-2.66407288E+02,-2.66424562E+02,-7.55524170E-01,3.02760866E-01,-2.08909417E-01,8.71556576E+00,2.61087612E-01,8.716281777E+00,2.610764076E-01,-2.25967607E+02,-1.16208386E+00,2.14124673E+02
14000,-1.456634147699E+01,-2.66407753E+02,-2.66424492E+02,-7.55524200E-01,3.02760890E-01,-2.08909311E-01,8.71561008E+00,2.61080518E-01,8.716281847E+00,2.610764149E-01,-2.25972520E+02,-1.16121208E+00,2.14125921E+02
15000,-1.456634147880E+01,-2.66409593E+02,-2.66424493E+02,-7.55524208E-01,3.02760916E-01,-2.08909150E-01,8.71567702E+00,2.61080475E-01,8.716281871E+00,2.610764171E-01,-2.25981448E+02,-1.16120863E+00,2.14127604E+02
20000,-1.456634148048E+01,-2.66410058E+02,-2.66424428E+02,-7.55524215E-01,3.02760943E-01,-2.08908989E-01,8.71574396E+00,2.61080432E-01,8.716281894E+00,2.610764192E-01,-2.25985753E+02,-1.16095682E+00,2.14129287E+02
30000,1.675999783401E-09,0.000465295281,0.00006465438651,0.000000007343776032,0.00000002636368002,0.000000160626702,0.00006694096232,0.00000004330124598,0.00000002334452986,0.000000002141673006,0.00430493963,0.0002518028299,0.000001639497583