basis size,Energy,drach_MV,OO,drach_SSF,drach_delta(r_1),drach_delta(r_12),prval(r_1),prval(r_12),drach_Darwin
10000,-1.437255082721E+01,-2.6839269803E+02,-9.358874824E-01,9.936750140E+00,8.778260609E+00,2.635804803E-01,-2.277194730E+02,-1.253405362E+00,2.15653377324E+02
12000,-1.437255083087E+01,-2.6839261385E+02,-9.358874599E-01,9.936750213E+00,8.778260637E+00,2.635804840E-01,-2.277307656E+02,-1.252423669E+00,2.15653377943E+02
14000,-1.437255083331E+01,-2.6839261107E+02,-9.358874676E-01,9.936750238E+00,8.778260654E+00,2.635804853E-01,-2.277391500E+02,-1.252384340E+00,2.15653378363E+02
15000,-1.437255083373E+01,-2.6839261004E+02,-9.358874716E-01,9.936750250E+00,8.778260660E+00,2.635804857E-01,-2.277414715E+02,-1.252367248E+00,2.15653378498E+02
20000,-1.437255083559E+01,-2.6839260902E+02,-9.358874757E-01,9.936750262E+00,8.778260666E+00,2.635804862E-01,-2.277437929E+02,-1.252350157E+00,2.15653378632E+02
30000,1.860504639239E-09,4.049851010E-09,1.160590024E-08,,5.705389938E-09,4.635630213E-10,2.321465229E-03,1.709184736E-05,1.346541E-07